# X-Median (px), Y-Median (px), X-Peak (px), Y-Peak (px), X-Location (mm), Y-Location (mm)
2.050000000000000000e+02 1.830000000000000000e+02 2.030000000000000000e+02 1.830000000000000000e+02 -2.857142857142856984e-01 -8.571428571428570953e-01
