# X-Median (px), Y-Median (px), X-Peak (px), Y-Peak (px), X-Location (mm), Y-Location (mm)
1.590000000000000000e+02 1.960000000000000000e+02 1.570000000000000000e+02 2.010000000000000000e+02 -6.857142857142856762e+00 -2.714285714285713969e+00
