# X-Median (px), Y-Median (px), X-Peak (px), Y-Peak (px), X-Location (mm), Y-Location (mm)
1.650000000000000000e+02 2.060000000000000000e+02 1.630000000000000000e+02 2.100000000000000000e+02 -6.000000000000000000e+00 -4.142857142857142350e+00
