# X-Median (px), Y-Median (px), X-Peak (px), Y-Peak (px), X-Location (mm), Y-Location (mm)
1.580000000000000000e+02 2.400000000000000000e+02 1.550000000000000000e+02 2.490000000000000000e+02 -7.000000000000000000e+00 -9.000000000000000000e+00
