# X-Median (px), Y-Median (px), X-Peak (px), Y-Peak (px), X-Location (mm), Y-Location (mm)
1.700000000000000000e+02 1.850000000000000000e+02 1.700000000000000000e+02 1.840000000000000000e+02 -5.285714285714285587e+00 -1.142857142857142794e+00
