# X-Median (px), Y-Median (px), X-Peak (px), Y-Peak (px), X-Location (mm), Y-Location (mm)
2.050000000000000000e+02 1.810000000000000000e+02 2.110000000000000000e+02 1.800000000000000000e+02 -2.857142857142856984e-01 -5.714285714285713969e-01
