# X-Median (px), Y-Median (px), X-Peak (px), Y-Peak (px), X-Location (mm), Y-Location (mm)
1.930000000000000000e+02 1.840000000000000000e+02 1.910000000000000000e+02 1.830000000000000000e+02 -2.000000000000000000e+00 -1.000000000000000000e+00
