# X-Median (px), Y-Median (px), X-Peak (px), Y-Peak (px), X-Location (mm), Y-Location (mm)
1.650000000000000000e+02 2.400000000000000000e+02 1.610000000000000000e+02 2.510000000000000000e+02 -6.000000000000000000e+00 -9.000000000000000000e+00
