# X-Median (px), Y-Median (px), X-Peak (px), Y-Peak (px), X-Location (mm), Y-Location (mm)
1.590000000000000000e+02 2.460000000000000000e+02 1.550000000000000000e+02 2.500000000000000000e+02 -6.857142857142856762e+00 -9.857142857142855874e+00
