# X-Median (px), Y-Median (px), X-Peak (px), Y-Peak (px), X-Location (mm), Y-Location (mm)
1.360000000000000000e+02 1.870000000000000000e+02 1.310000000000000000e+02 1.880000000000000000e+02 -1.014285714285714235e+01 -1.428571428571428381e+00
