# X-Median (px), Y-Median (px), X-Peak (px), Y-Peak (px), X-Location (mm), Y-Location (mm)
1.650000000000000000e+02 2.390000000000000000e+02 1.630000000000000000e+02 2.510000000000000000e+02 -6.000000000000000000e+00 -8.857142857142855874e+00
