# X-Median (px), Y-Median (px), X-Peak (px), Y-Peak (px), X-Location (mm), Y-Location (mm)
1.910000000000000000e+02 1.830000000000000000e+02 1.840000000000000000e+02 1.800000000000000000e+02 -2.285714285714285587e+00 -8.571428571428570953e-01
