# X-Median (px), Y-Median (px), X-Peak (px), Y-Peak (px), X-Location (mm), Y-Location (mm)
1.540000000000000000e+02 2.020000000000000000e+02 1.520000000000000000e+02 2.080000000000000000e+02 -7.571428571428571175e+00 -3.571428571428571175e+00
