# X-Median (px), Y-Median (px), X-Peak (px), Y-Peak (px), X-Location (mm), Y-Location (mm)
1.480000000000000000e+02 2.000000000000000000e+02 1.460000000000000000e+02 2.080000000000000000e+02 -8.428571428571428825e+00 -3.285714285714285587e+00
