# X-Median (px), Y-Median (px), X-Peak (px), Y-Peak (px), X-Location (mm), Y-Location (mm)
1.490000000000000000e+02 2.080000000000000000e+02 1.470000000000000000e+02 2.140000000000000000e+02 -8.285714285714284699e+00 -4.428571428571427937e+00
