# X-Median (px), Y-Median (px), X-Peak (px), Y-Peak (px), X-Location (mm), Y-Location (mm)
1.600000000000000000e+02 1.840000000000000000e+02 1.600000000000000000e+02 1.840000000000000000e+02 -6.714285714285713524e+00 -1.000000000000000000e+00
