# X-Median (px), Y-Median (px), X-Peak (px), Y-Peak (px), X-Location (mm), Y-Location (mm)
1.270000000000000000e+02 1.880000000000000000e+02 1.210000000000000000e+02 1.880000000000000000e+02 -1.142857142857142705e+01 -1.571428571428571397e+00
