# X-Median (px), Y-Median (px), X-Peak (px), Y-Peak (px), X-Location (mm), Y-Location (mm)
2.610000000000000000e+02 1.820000000000000000e+02 2.580000000000000000e+02 1.800000000000000000e+02 7.714285714285713524e+00 -7.142857142857141906e-01
