# X-Median (px), Y-Median (px), X-Peak (px), Y-Peak (px), X-Location (mm), Y-Location (mm)
2.290000000000000000e+02 3.450000000000000000e+02 2.400000000000000000e+02 2.910000000000000000e+02 3.142857142857142794e+00 -2.400000000000000000e+01
