# X-Median (px), Y-Median (px), X-Peak (px), Y-Peak (px), X-Location (mm), Y-Location (mm)
2.350000000000000000e+02 1.670000000000000000e+02 2.400000000000000000e+02 2.500000000000000000e+02 4.000000000000000000e+00 1.428571428571428381e+00
