# X-Median (px), Y-Median (px), X-Peak (px), Y-Peak (px), X-Location (mm), Y-Location (mm)
2.130000000000000000e+02 2.390000000000000000e+02 1.710000000000000000e+02 1.350000000000000000e+02 8.571428571428570953e-01 -8.857142857142855874e+00
