# X-Median (px), Y-Median (px), X-Peak (px), Y-Peak (px), X-Location (mm), Y-Location (mm)
2.100000000000000000e+02 2.760000000000000000e+02 2.110000000000000000e+02 1.350000000000000000e+02 4.285714285714285476e-01 -1.414285714285714235e+01
