# X-Median (px), Y-Median (px), X-Peak (px), Y-Peak (px), X-Location (mm), Y-Location (mm)
1.890000000000000000e+02 2.350000000000000000e+02 1.870000000000000000e+02 2.330000000000000000e+02 -2.571428571428571175e+00 -8.285714285714284699e+00
