# X-Median (px), Y-Median (px), X-Peak (px), Y-Peak (px), X-Location (mm), Y-Location (mm)
1.420000000000000000e+02 1.860000000000000000e+02 1.350000000000000000e+02 1.870000000000000000e+02 -9.285714285714284699e+00 -1.285714285714285587e+00
