# X-Median (px), Y-Median (px), X-Peak (px), Y-Peak (px), X-Location (mm), Y-Location (mm)
1.590000000000000000e+02 2.480000000000000000e+02 1.560000000000000000e+02 2.510000000000000000e+02 -6.857142857142856762e+00 -1.014285714285714235e+01
