# X-Median (px), Y-Median (px), X-Peak (px), Y-Peak (px), X-Location (mm), Y-Location (mm)
2.160000000000000000e+02 1.820000000000000000e+02 2.160000000000000000e+02 1.830000000000000000e+02 1.285714285714285587e+00 -7.142857142857141906e-01
