# X-Median (px), Y-Median (px), X-Peak (px), Y-Peak (px), X-Location (mm), Y-Location (mm)
1.700000000000000000e+02 2.360000000000000000e+02 1.680000000000000000e+02 2.360000000000000000e+02 -5.285714285714285587e+00 -8.428571428571428825e+00
