# X-Median (px), Y-Median (px), X-Peak (px), Y-Peak (px), X-Location (mm), Y-Location (mm)
1.640000000000000000e+02 2.420000000000000000e+02 1.600000000000000000e+02 2.510000000000000000e+02 -6.142857142857142350e+00 -9.285714285714284699e+00
