# X-Median (px), Y-Median (px), X-Peak (px), Y-Peak (px), X-Location (mm), Y-Location (mm)
1.620000000000000000e+02 1.990000000000000000e+02 1.590000000000000000e+02 2.010000000000000000e+02 -6.428571428571427937e+00 -3.142857142857142794e+00
