# X-Median (px), Y-Median (px), X-Peak (px), Y-Peak (px), X-Location (mm), Y-Location (mm)
1.820000000000000000e+02 1.820000000000000000e+02 1.790000000000000000e+02 1.810000000000000000e+02 -3.571428571428571175e+00 -7.142857142857141906e-01
