# X-Median (px), Y-Median (px), X-Peak (px), Y-Peak (px), X-Location (mm), Y-Location (mm)
1.470000000000000000e+02 1.860000000000000000e+02 1.460000000000000000e+02 1.880000000000000000e+02 -8.571428571428571175e+00 -1.285714285714285587e+00
