# X-Median (px), Y-Median (px), X-Peak (px), Y-Peak (px), X-Location (mm), Y-Location (mm)
1.860000000000000000e+02 1.790000000000000000e+02 1.800000000000000000e+02 1.800000000000000000e+02 -3.000000000000000000e+00 -2.857142857142856984e-01
