# X-Median (px), Y-Median (px), X-Peak (px), Y-Peak (px), X-Location (mm), Y-Location (mm)
1.730000000000000000e+02 2.430000000000000000e+02 1.700000000000000000e+02 2.510000000000000000e+02 -4.857142857142856762e+00 -9.428571428571428825e+00
