# X-Median (px), Y-Median (px), X-Peak (px), Y-Peak (px), X-Location (mm), Y-Location (mm)
1.700000000000000000e+02 2.450000000000000000e+02 1.670000000000000000e+02 2.490000000000000000e+02 -5.285714285714285587e+00 -9.714285714285713524e+00
