# X-Median (px), Y-Median (px), X-Peak (px), Y-Peak (px), X-Location (mm), Y-Location (mm)
1.780000000000000000e+02 2.030000000000000000e+02 1.760000000000000000e+02 2.080000000000000000e+02 -4.142857142857142350e+00 -3.714285714285713969e+00
