# X-Median (px), Y-Median (px), X-Peak (px), Y-Peak (px), X-Location (mm), Y-Location (mm)
1.870000000000000000e+02 1.980000000000000000e+02 1.850000000000000000e+02 2.010000000000000000e+02 -2.857142857142856762e+00 -3.000000000000000000e+00
