# X-Median (px), Y-Median (px), X-Peak (px), Y-Peak (px), X-Location (mm), Y-Location (mm)
1.460000000000000000e+02 2.040000000000000000e+02 1.440000000000000000e+02 2.080000000000000000e+02 -8.714285714285713524e+00 -3.857142857142856762e+00
