# X-Median (px), Y-Median (px), X-Peak (px), Y-Peak (px), X-Location (mm), Y-Location (mm)
1.760000000000000000e+02 2.010000000000000000e+02 1.740000000000000000e+02 2.050000000000000000e+02 -4.428571428571427937e+00 -3.428571428571428381e+00
