# X-Median (px), Y-Median (px), X-Peak (px), Y-Peak (px), X-Location (mm), Y-Location (mm)
1.730000000000000000e+02 2.390000000000000000e+02 1.690000000000000000e+02 2.420000000000000000e+02 -4.857142857142856762e+00 -8.857142857142855874e+00
