# X-Median (px), Y-Median (px), X-Peak (px), Y-Peak (px), X-Location (mm), Y-Location (mm)
1.690000000000000000e+02 2.380000000000000000e+02 1.670000000000000000e+02 2.410000000000000000e+02 -5.428571428571427937e+00 -8.714285714285713524e+00
