# X-Median (px), Y-Median (px), X-Peak (px), Y-Peak (px), X-Location (mm), Y-Location (mm)
1.560000000000000000e+02 1.880000000000000000e+02 1.550000000000000000e+02 1.870000000000000000e+02 -7.285714285714285587e+00 -1.571428571428571397e+00
