# X-Median (px), Y-Median (px), X-Peak (px), Y-Peak (px), X-Location (mm), Y-Location (mm)
1.840000000000000000e+02 1.990000000000000000e+02 1.820000000000000000e+02 2.040000000000000000e+02 -3.285714285714285587e+00 -3.142857142857142794e+00
