# X-Median (px), Y-Median (px), X-Peak (px), Y-Peak (px), X-Location (mm), Y-Location (mm)
1.660000000000000000e+02 2.400000000000000000e+02 1.640000000000000000e+02 2.510000000000000000e+02 -5.857142857142856762e+00 -9.000000000000000000e+00
