# X-Median (px), Y-Median (px), X-Peak (px), Y-Peak (px), X-Location (mm), Y-Location (mm)
1.670000000000000000e+02 2.040000000000000000e+02 1.650000000000000000e+02 2.070000000000000000e+02 -5.714285714285713524e+00 -3.857142857142856762e+00
