# X-Median (px), Y-Median (px), X-Peak (px), Y-Peak (px), X-Location (mm), Y-Location (mm)
1.570000000000000000e+02 2.050000000000000000e+02 1.550000000000000000e+02 2.080000000000000000e+02 -7.142857142857142350e+00 -4.000000000000000000e+00
