# X-Median (px), Y-Median (px), X-Peak (px), Y-Peak (px), X-Location (mm), Y-Location (mm)
1.210000000000000000e+02 1.890000000000000000e+02 1.200000000000000000e+02 1.880000000000000000e+02 -1.228571428571428470e+01 -1.714285714285714191e+00
