# X-Median (px), Y-Median (px), X-Peak (px), Y-Peak (px), X-Location (mm), Y-Location (mm)
1.880000000000000000e+02 1.920000000000000000e+02 1.860000000000000000e+02 2.010000000000000000e+02 -2.714285714285713969e+00 -2.142857142857142794e+00
