# X-Median (px), Y-Median (px), X-Peak (px), Y-Peak (px), X-Location (mm), Y-Location (mm)
2.180000000000000000e+02 1.800000000000000000e+02 2.160000000000000000e+02 1.810000000000000000e+02 1.571428571428571397e+00 -4.285714285714285476e-01
