# X-Median (px), Y-Median (px), X-Peak (px), Y-Peak (px), X-Location (mm), Y-Location (mm)
1.790000000000000000e+02 2.000000000000000000e+02 1.770000000000000000e+02 2.040000000000000000e+02 -4.000000000000000000e+00 -3.285714285714285587e+00
