# X-Median (px), Y-Median (px), X-Peak (px), Y-Peak (px), X-Location (mm), Y-Location (mm)
1.740000000000000000e+02 1.990000000000000000e+02 1.720000000000000000e+02 2.060000000000000000e+02 -4.714285714285714413e+00 -3.142857142857142794e+00
