# X-Median (px), Y-Median (px), X-Peak (px), Y-Peak (px), X-Location (mm), Y-Location (mm)
1.600000000000000000e+02 1.870000000000000000e+02 1.580000000000000000e+02 1.870000000000000000e+02 -6.714285714285713524e+00 -1.428571428571428381e+00
