# X-Median (px), Y-Median (px), X-Peak (px), Y-Peak (px), X-Location (mm), Y-Location (mm)
1.780000000000000000e+02 1.820000000000000000e+02 1.750000000000000000e+02 1.810000000000000000e+02 -4.142857142857142350e+00 -7.142857142857141906e-01
