# X-Median (px), Y-Median (px), X-Peak (px), Y-Peak (px), X-Location (mm), Y-Location (mm)
1.630000000000000000e+02 2.010000000000000000e+02 1.610000000000000000e+02 2.070000000000000000e+02 -6.285714285714285587e+00 -3.428571428571428381e+00
