# X-Median (px), Y-Median (px), X-Peak (px), Y-Peak (px), X-Location (mm), Y-Location (mm)
1.750000000000000000e+02 2.380000000000000000e+02 1.700000000000000000e+02 2.400000000000000000e+02 -4.571428571428571175e+00 -8.714285714285713524e+00
