# X-Median (px), Y-Median (px), X-Peak (px), Y-Peak (px), X-Location (mm), Y-Location (mm)
1.760000000000000000e+02 2.340000000000000000e+02 1.740000000000000000e+02 2.400000000000000000e+02 -4.428571428571427937e+00 -8.142857142857142350e+00
