# X-Median (px), Y-Median (px), X-Peak (px), Y-Peak (px), X-Location (mm), Y-Location (mm)
1.520000000000000000e+02 2.010000000000000000e+02 1.500000000000000000e+02 2.070000000000000000e+02 -7.857142857142856762e+00 -3.428571428571428381e+00
