# X-Median (px), Y-Median (px), X-Peak (px), Y-Peak (px), X-Location (mm), Y-Location (mm)
2.010000000000000000e+02 1.860000000000000000e+02 1.970000000000000000e+02 1.850000000000000000e+02 -8.571428571428570953e-01 -1.285714285714285587e+00
