# X-Median (px), Y-Median (px), X-Peak (px), Y-Peak (px), X-Location (mm), Y-Location (mm)
1.800000000000000000e+02 1.870000000000000000e+02 1.790000000000000000e+02 1.870000000000000000e+02 -3.857142857142856762e+00 -1.428571428571428381e+00
