# X-Median (px), Y-Median (px), X-Peak (px), Y-Peak (px), X-Location (mm), Y-Location (mm)
1.690000000000000000e+02 2.480000000000000000e+02 1.660000000000000000e+02 2.510000000000000000e+02 -5.428571428571427937e+00 -1.014285714285714235e+01
