# X-Median (px), Y-Median (px), X-Peak (px), Y-Peak (px), X-Location (mm), Y-Location (mm)
1.740000000000000000e+02 2.400000000000000000e+02 1.710000000000000000e+02 2.370000000000000000e+02 -4.714285714285714413e+00 -9.000000000000000000e+00
