# X-Median (px), Y-Median (px), X-Peak (px), Y-Peak (px), X-Location (mm), Y-Location (mm)
1.780000000000000000e+02 2.440000000000000000e+02 1.750000000000000000e+02 2.500000000000000000e+02 -4.142857142857142350e+00 -9.571428571428571175e+00
