# X-Median (px), Y-Median (px), X-Peak (px), Y-Peak (px), X-Location (mm), Y-Location (mm)
1.760000000000000000e+02 1.930000000000000000e+02 1.740000000000000000e+02 2.000000000000000000e+02 -4.428571428571427937e+00 -2.285714285714285587e+00
