# X-Median (px), Y-Median (px), X-Peak (px), Y-Peak (px), X-Location (mm), Y-Location (mm)
1.710000000000000000e+02 2.010000000000000000e+02 1.690000000000000000e+02 2.040000000000000000e+02 -5.142857142857142350e+00 -3.428571428571428381e+00
