# X-Median (px), Y-Median (px), X-Peak (px), Y-Peak (px), X-Location (mm), Y-Location (mm)
1.580000000000000000e+02 2.080000000000000000e+02 1.560000000000000000e+02 2.130000000000000000e+02 -7.000000000000000000e+00 -4.428571428571427937e+00
