# X-Median (px), Y-Median (px), X-Peak (px), Y-Peak (px), X-Location (mm), Y-Location (mm)
1.810000000000000000e+02 1.930000000000000000e+02 1.790000000000000000e+02 2.060000000000000000e+02 -3.714285714285713969e+00 -2.285714285714285587e+00
