# X-Median (px), Y-Median (px), X-Peak (px), Y-Peak (px), X-Location (mm), Y-Location (mm)
1.830000000000000000e+02 1.950000000000000000e+02 1.800000000000000000e+02 2.010000000000000000e+02 -3.428571428571428381e+00 -2.571428571428571175e+00
