# X-Median (px), Y-Median (px), X-Peak (px), Y-Peak (px), X-Location (mm), Y-Location (mm)
1.770000000000000000e+02 2.350000000000000000e+02 1.740000000000000000e+02 2.400000000000000000e+02 -4.285714285714285587e+00 -8.285714285714284699e+00
