# X-Median (px), Y-Median (px), X-Peak (px), Y-Peak (px), X-Location (mm), Y-Location (mm)
1.630000000000000000e+02 2.440000000000000000e+02 1.600000000000000000e+02 2.510000000000000000e+02 -6.285714285714285587e+00 -9.571428571428571175e+00
