# X-Median (px), Y-Median (px), X-Peak (px), Y-Peak (px), X-Location (mm), Y-Location (mm)
1.680000000000000000e+02 2.390000000000000000e+02 1.650000000000000000e+02 2.500000000000000000e+02 -5.571428571428571175e+00 -8.857142857142855874e+00
