# X-Median (px), Y-Median (px), X-Peak (px), Y-Peak (px), X-Location (mm), Y-Location (mm)
1.450000000000000000e+02 1.860000000000000000e+02 1.450000000000000000e+02 1.870000000000000000e+02 -8.857142857142855874e+00 -1.285714285714285587e+00
