# X-Median (px), Y-Median (px), X-Peak (px), Y-Peak (px), X-Location (mm), Y-Location (mm)
1.860000000000000000e+02 2.020000000000000000e+02 1.840000000000000000e+02 2.090000000000000000e+02 -3.000000000000000000e+00 -3.571428571428571175e+00
