# X-Median (px), Y-Median (px), X-Peak (px), Y-Peak (px), X-Location (mm), Y-Location (mm)
0.000000000000000000e+00 9.400000000000000000e+01 1.380000000000000000e+02 9.100000000000000000e+01 -4.794117647058823906e+01 -2.941176470588235392e-01
